Age,Sex,Job,Housing,Saving_accounts,Checking_account,Credit_amount,Credit_cat,Duration,Purpose,Risk
55,female,3,free,little,little,2578,moderate,12,furniture/equipment,1
29,male,1,own,little,little,3590,high,12,furniture/equipment,1
34,male,3,own,moderate,unknown,1591,moderate,21,furniture/equipment,1
19,female,2,rent,little,unknown,1980,moderate,9,furniture/equipment,0
33,male,2,own,little,unknown,3029,moderate,15,car,1
22,male,2,own,moderate,moderate,1514,low,15,repairs,1
34,male,2,free,unknown,unknown,6527,high,60,car,1
49,male,1,own,unknown,rich,1445,low,18,radio/TV,1
31,male,2,own,little,unknown,1360,low,15,radio/TV,1
37,male,1,own,little,moderate,2118,moderate,9,radio/TV,1
37,male,2,own,unknown,unknown,10222,high,48,radio/TV,1
29,male,3,rent,moderate,unknown,1901,moderate,24,radio/TV,1
36,male,1,own,little,little,1374,low,6,furniture/equipment,1
31,male,2,own,little,unknown,1393,low,24,car,1
33,female,2,rent,little,little,3966,high,18,car,0
50,male,2,own,unknown,unknown,2390,moderate,12,car,1
26,female,3,rent,unknown,unknown,5433,high,24,car,1
32,male,2,free,little,unknown,3863,high,24,business,1
63,male,3,free,unknown,unknown,13756,high,60,car,1
44,female,1,own,little,moderate,760,low,8,radio/TV,1
48,male,2,own,little,little,1082,low,12,car,0
34,male,3,own,little,rich,1337,low,9,radio/TV,0
39,female,2,own,little,little,860,low,6,car,1
44,male,2,own,moderate,moderate,1804,moderate,12,car,1
29,female,2,own,little,little,3499,high,12,car,0
26,male,2,own,unknown,unknown,2069,moderate,10,furniture/equipment,1
41,female,1,own,rich,unknown,250,low,6,car,1
34,female,2,own,little,little,1842,moderate,36,car,0
25,female,2,rent,little,little,1882,moderate,18,radio/TV,0
24,male,2,free,little,little,4605,high,48,car,0
29,male,2,rent,little,little,11816,high,45,business,0
30,female,2,own,unknown,little,7721,high,24,furniture/equipment,1
27,male,3,free,little,little,1422,low,9,car,0
30,male,3,own,unknown,unknown,11054,high,36,car,1
29,male,2,own,little,little,5179,high,36,furniture/equipment,0
26,female,3,rent,little,unknown,4530,high,30,radio/TV,1
34,female,1,free,little,moderate,1837,moderate,24,education,0
22,male,2,free,little,little,3973,high,14,car,1
34,female,2,own,little,unknown,1493,low,12,radio/TV,1
50,male,2,own,unknown,moderate,1537,low,15,radio/TV,1
57,female,1,free,little,unknown,2748,moderate,12,education,1
24,male,1,rent,little,little,3021,moderate,24,furniture/equipment,1
48,male,2,own,unknown,unknown,5190,high,27,repairs,1
51,male,3,free,little,little,1164,low,8,vacation/others,1
59,male,2,own,little,little,1364,low,9,radio/TV,1
40,male,2,own,little,unknown,1585,moderate,24,furniture/equipment,1
63,male,2,own,little,little,2957,moderate,24,car,1
36,male,2,rent,little,little,7297,high,60,business,0
35,female,2,free,little,little,1198,low,6,education,0
74,female,3,free,little,moderate,5129,high,9,car,0
32,male,1,free,little,little,1442,low,18,car,0
30,male,3,own,little,unknown,1820,moderate,18,car,1
30,male,3,own,moderate,moderate,1919,moderate,30,radio/TV,0
30,male,2,own,little,little,1602,moderate,21,car,1
55,female,2,own,little,little,1603,moderate,24,radio/TV,1
28,male,2,own,little,little,4169,high,24,furniture/equipment,1
43,male,2,rent,little,little,2625,moderate,16,car,0
20,female,2,rent,rich,unknown,3186,moderate,15,car,1
24,female,2,rent,rich,moderate,433,low,6,education,0
51,male,2,own,unknown,unknown,3342,moderate,36,radio/TV,1
42,male,2,own,little,little,4153,high,18,furniture/equipment,0
52,female,3,free,unknown,unknown,2133,moderate,12,car,1
35,male,1,own,little,unknown,2684,moderate,24,radio/TV,1
58,male,2,own,unknown,unknown,1867,moderate,30,radio/TV,1
30,male,3,own,little,little,3959,high,36,furniture/equipment,1
39,female,1,own,unknown,moderate,932,low,6,education,1
26,male,3,own,quite rich,unknown,3235,moderate,24,radio/TV,1
40,female,2,own,rich,moderate,1322,low,11,car,1
50,female,2,free,moderate,moderate,2671,moderate,36,radio/TV,0
27,female,2,own,little,unknown,1185,low,12,business,1
39,male,2,own,little,unknown,1473,low,18,radio/TV,1
39,male,1,own,little,unknown,426,low,6,radio/TV,1
33,male,2,own,little,moderate,6403,high,24,radio/TV,1
41,male,3,own,unknown,unknown,6313,high,24,car,1
20,female,2,own,rich,moderate,1577,moderate,11,furniture/equipment,1
57,male,1,own,little,little,709,low,12,radio/TV,0
34,male,1,free,moderate,moderate,3844,high,48,business,0
28,male,2,own,little,little,1108,low,12,repairs,0
35,male,2,rent,little,moderate,1919,moderate,9,furniture/equipment,1
32,male,2,own,unknown,unknown,7238,high,48,radio/TV,1
67,male,2,own,unknown,little,1169,low,6,radio/TV,1
35,male,2,own,moderate,unknown,4151,high,24,furniture/equipment,1
24,male,2,own,moderate,moderate,5595,high,72,radio/TV,0
35,male,3,own,little,unknown,7253,high,33,car,1
66,male,3,own,little,rich,1908,moderate,30,business,0
23,female,1,rent,moderate,moderate,841,low,12,business,1
32,female,1,own,moderate,little,1282,low,24,radio/TV,0
20,female,2,rent,quite rich,unknown,2221,moderate,15,furniture/equipment,1
36,female,2,own,little,unknown,1028,low,18,car,1
31,male,2,own,rich,little,3651,high,12,car,1
23,female,2,rent,little,little,2511,moderate,15,car,1
26,male,2,rent,moderate,unknown,3577,high,9,car,1
35,female,1,own,quite rich,unknown,3447,high,12,education,1
47,male,1,own,little,little,1217,low,18,domestic appliances,0
27,male,1,own,little,unknown,802,low,14,car,1
29,male,3,own,little,moderate,11328,high,24,vacation/others,0
31,male,3,own,unknown,unknown,8947,high,36,car,1
35,male,1,free,unknown,unknown,9055,high,36,education,1
28,male,2,own,little,unknown,1413,low,24,radio/TV,1
64,female,2,own,moderate,unknown,1409,low,13,radio/TV,1
20,male,3,rent,little,little,1107,low,12,radio/TV,1
23,female,2,own,little,little,1498,low,12,radio/TV,1
42,male,3,free,little,little,7763,high,48,car,0
32,male,2,own,rich,moderate,2745,moderate,21,furniture/equipment,1
35,female,2,free,quite rich,unknown,5324,high,15,car,1
40,female,2,own,quite rich,unknown,7678,high,36,furniture/equipment,1
51,male,2,own,little,unknown,1595,moderate,6,radio/TV,1
51,female,2,own,moderate,unknown,682,low,12,car,1
25,male,1,own,little,moderate,685,low,12,car,0
47,male,2,own,little,unknown,1393,low,12,education,1
31,male,2,free,little,unknown,6110,high,48,education,1
65,male,0,own,little,little,3394,high,42,repairs,1
36,male,3,own,little,unknown,1278,low,24,radio/TV,1
54,male,3,own,rich,unknown,4591,high,24,business,0
33,female,1,own,unknown,moderate,3195,moderate,9,car,1
20,male,2,own,unknown,little,2996,moderate,24,furniture/equipment,0
70,male,3,free,little,moderate,7308,high,10,car,1
44,male,2,rent,quite rich,little,2647,moderate,6,radio/TV,1
51,male,2,free,little,rich,2892,moderate,24,furniture/equipment,1
33,male,2,own,unknown,unknown,3074,moderate,9,radio/TV,1
42,male,2,free,moderate,unknown,1346,low,6,radio/TV,1
33,male,2,own,little,rich,6289,high,42,business,1
28,male,2,own,little,unknown,3595,high,36,radio/TV,1
26,male,2,rent,unknown,unknown,2445,moderate,12,car,1
30,male,1,own,little,unknown,2028,moderate,24,furniture/equipment,1
40,male,1,rent,little,little,684,low,12,education,0
22,male,2,free,little,little,3149,moderate,24,furniture/equipment,1
26,male,2,own,little,unknown,1076,low,12,business,1
38,male,2,own,little,unknown,5954,high,30,radio/TV,1
31,male,1,own,little,moderate,1928,moderate,18,furniture/equipment,0
37,male,2,rent,little,little,3676,high,6,car,1
42,male,2,own,little,little,3446,high,36,furniture/equipment,0
26,male,2,own,little,unknown,1934,moderate,12,radio/TV,1
47,male,2,own,little,moderate,2353,moderate,21,car,1
29,female,2,rent,rich,moderate,7758,high,24,car,1
34,male,2,own,little,moderate,2415,moderate,7,radio/TV,1
32,male,2,own,little,unknown,701,low,12,education,1
40,female,2,rent,little,moderate,3001,moderate,18,furniture/equipment,1
55,female,3,own,unknown,rich,1424,low,12,furniture/equipment,1
37,male,1,own,little,moderate,1154,low,9,radio/TV,1
25,female,1,own,little,rich,2327,moderate,15,radio/TV,0
23,female,2,own,moderate,unknown,3812,high,15,car,1
67,female,3,own,little,moderate,1199,low,9,education,1
44,male,2,free,little,unknown,5507,high,24,repairs,1
74,male,3,own,little,unknown,4526,high,24,business,1
44,male,2,free,quite rich,unknown,10127,high,48,car,0
21,male,2,rent,little,unknown,1766,moderate,6,furniture/equipment,1
48,male,3,own,unknown,moderate,12204,high,48,business,1
27,male,1,own,little,unknown,937,low,24,education,1
23,female,2,own,quite rich,little,4281,high,33,furniture/equipment,0
29,male,1,own,unknown,moderate,2333,moderate,24,furniture/equipment,1
31,male,2,rent,little,little,2302,moderate,36,radio/TV,0
26,female,2,own,little,rich,3749,high,24,furniture/equipment,1
43,male,3,own,little,little,15857,high,36,vacation/others,1
40,male,1,own,little,moderate,1155,low,12,radio/TV,1
32,male,2,own,little,unknown,1530,low,18,car,0
27,male,2,own,quite rich,moderate,2326,moderate,15,business,1
24,male,2,own,little,moderate,458,low,9,radio/TV,1
32,male,2,own,moderate,unknown,2848,moderate,10,car,1
53,female,2,own,little,little,795,low,12,education,0
33,female,1,own,unknown,unknown,797,low,12,radio/TV,0
41,male,1,own,little,moderate,888,low,12,car,0
38,male,1,own,little,little,708,low,12,furniture/equipment,1
24,female,2,rent,little,unknown,1554,moderate,6,radio/TV,1
48,male,2,free,unknown,unknown,9277,high,24,car,1
50,male,2,own,little,unknown,1559,moderate,24,business,1
22,female,1,rent,little,unknown,1258,low,12,furniture/equipment,1
21,male,1,own,little,little,1289,low,12,furniture/equipment,1
30,male,3,own,unknown,little,14179,high,39,furniture/equipment,1
26,female,2,own,little,unknown,763,low,12,furniture/equipment,1
41,male,2,own,little,little,2712,moderate,36,furniture/equipment,0
34,male,3,own,little,moderate,1860,moderate,12,car,1
68,male,2,rent,unknown,unknown,6761,high,18,car,0
26,female,2,own,little,unknown,2404,moderate,18,radio/TV,1
65,male,2,own,unknown,unknown,930,low,12,radio/TV,1
36,male,2,own,rich,rich,1275,low,24,business,1
23,female,2,rent,little,rich,392,low,15,education,1
23,female,1,own,moderate,moderate,836,low,12,car,0
47,male,2,free,little,unknown,1984,moderate,18,furniture/equipment,1
33,male,1,own,little,little,2579,moderate,12,car,0
22,female,2,own,little,moderate,5951,high,48,radio/TV,0
23,female,2,rent,little,unknown,1236,low,9,domestic appliances,1
43,female,1,own,rich,unknown,1516,low,24,radio/TV,1
29,female,2,own,little,unknown,2171,moderate,12,radio/TV,1
23,female,2,rent,little,unknown,2146,moderate,10,furniture/equipment,1
40,male,3,rent,little,rich,1905,moderate,15,education,1
51,male,2,free,unknown,little,7511,high,18,car,0
36,male,3,free,little,little,1940,moderate,18,radio/TV,1
36,male,3,own,unknown,unknown,1238,low,6,education,1
21,male,1,rent,little,little,1987,moderate,24,radio/TV,0
33,male,2,own,moderate,unknown,1474,low,24,car,1
39,male,3,rent,little,little,3345,moderate,24,furniture/equipment,0
60,male,2,free,little,unknown,2032,moderate,24,car,1
27,male,2,own,moderate,moderate,1995,moderate,12,car,1
41,male,2,rent,little,unknown,1503,low,12,car,1
21,male,2,rent,little,moderate,2779,moderate,18,car,1
24,female,1,own,little,little,626,low,12,radio/TV,0
35,male,2,own,little,little,691,low,12,car,0
34,female,2,own,little,unknown,4454,high,36,radio/TV,1
27,male,2,own,little,unknown,1101,low,12,car,1
47,male,2,free,unknown,little,8335,high,36,car,0
27,male,1,own,little,moderate,1082,low,9,radio/TV,1
28,female,2,own,quite rich,unknown,1376,low,24,radio/TV,1
24,female,2,own,little,unknown,932,low,6,radio/TV,1
20,female,2,rent,little,little,2039,moderate,18,furniture/equipment,0
27,male,3,own,little,unknown,6314,high,24,vacation/others,1
34,male,1,own,little,little,11998,high,30,repairs,0
28,male,2,own,unknown,moderate,1887,moderate,18,business,1
32,male,2,own,little,little,4583,high,30,furniture/equipment,1
42,male,3,own,moderate,moderate,8086,high,36,car,0
38,female,0,own,little,unknown,926,low,12,car,1
57,female,2,rent,rich,little,3622,high,30,furniture/equipment,1
46,male,3,own,unknown,unknown,2476,moderate,21,car,1
28,male,2,own,quite rich,rich,939,low,12,car,0
26,male,2,own,little,moderate,1424,low,12,domestic appliances,1
42,male,2,free,little,little,5493,high,36,car,1
32,male,2,own,little,moderate,2273,moderate,36,education,1
22,female,2,rent,moderate,unknown,2301,moderate,9,furniture/equipment,1
35,male,2,own,little,unknown,5842,high,36,car,1
26,female,2,rent,unknown,little,2812,moderate,24,car,1
24,female,2,own,unknown,unknown,874,low,15,domestic appliances,1
21,male,2,rent,moderate,moderate,3031,moderate,45,radio/TV,0
23,female,0,rent,quite rich,moderate,3758,high,24,radio/TV,1
30,male,3,free,unknown,unknown,12680,high,21,car,0
21,female,2,rent,moderate,moderate,3441,high,30,furniture/equipment,0
38,male,2,own,moderate,moderate,3512,high,24,car,1
37,female,2,own,little,moderate,3612,high,18,furniture/equipment,1
36,male,2,own,moderate,unknown,2872,moderate,24,radio/TV,1
34,male,2,own,little,unknown,2759,moderate,12,furniture/equipment,1
31,male,2,own,moderate,unknown,3621,high,24,radio/TV,0
47,male,1,own,little,little,731,low,8,car,1
23,male,2,own,little,rich,3913,high,36,radio/TV,1
24,male,2,own,little,little,9629,high,36,car,0
47,male,2,free,moderate,moderate,12612,high,36,education,0
27,male,2,own,little,little,1053,low,15,radio/TV,1
33,female,2,own,little,little,1131,low,18,furniture/equipment,0
35,male,1,own,rich,moderate,1941,moderate,18,business,1
23,male,2,own,little,moderate,15672,high,48,business,0
36,male,3,free,little,little,5302,high,18,car,1
35,male,2,own,moderate,unknown,2141,moderate,12,radio/TV,1
32,male,2,own,unknown,unknown,2978,moderate,24,business,1
26,male,2,own,little,rich,1925,moderate,24,furniture/equipment,1
46,male,2,free,little,little,6331,high,48,car,0
39,male,1,own,little,little,3398,high,8,car,1
31,male,2,own,moderate,moderate,6148,high,20,car,1
61,male,1,own,little,unknown,1255,low,12,car,1
30,female,3,own,unknown,little,7174,high,42,radio/TV,0
26,female,2,rent,little,unknown,1388,low,9,furniture/equipment,1
28,male,2,own,moderate,rich,1323,low,6,car,1
30,male,2,rent,little,moderate,2002,moderate,12,car,1
35,female,2,own,unknown,little,1381,low,24,car,0
49,male,2,own,moderate,rich,1126,low,9,radio/TV,1
25,female,1,own,little,moderate,1355,low,24,car,0
41,male,2,own,moderate,moderate,2503,moderate,30,business,1
47,male,1,own,quite rich,unknown,1316,low,15,radio/TV,1
26,female,2,own,little,unknown,3181,moderate,24,radio/TV,1
35,male,2,free,little,unknown,1471,low,15,radio/TV,1
38,male,2,own,unknown,moderate,754,low,12,education,1
33,male,2,rent,little,little,950,low,15,car,0
41,male,2,own,unknown,unknown,3160,moderate,21,radio/TV,1
21,male,2,own,little,unknown,15653,high,60,radio/TV,1
20,female,2,rent,unknown,unknown,4675,high,12,car,1
24,male,2,own,little,rich,5848,high,36,radio/TV,1
22,male,2,rent,moderate,moderate,3092,moderate,24,radio/TV,0
39,female,2,own,little,moderate,1188,low,21,business,0
25,female,2,own,little,unknown,5771,high,30,radio/TV,1
36,male,2,own,unknown,unknown,3079,moderate,36,car,1
22,female,2,rent,little,little,3650,high,18,furniture/equipment,1
33,female,2,own,little,moderate,3244,moderate,18,furniture/equipment,1
39,male,3,free,little,little,3249,moderate,36,car,1
30,male,3,own,little,little,1823,moderate,24,radio/TV,0
24,male,2,own,little,little,9271,high,36,car,0
27,male,1,own,unknown,moderate,7418,high,60,radio/TV,1
54,male,2,own,little,little,3051,moderate,48,domestic appliances,0
43,male,2,own,little,unknown,2515,moderate,18,furniture/equipment,1
34,female,3,own,little,moderate,1501,low,9,education,0
29,female,2,own,little,rich,683,low,6,radio/TV,1
59,female,2,own,unknown,unknown,5045,high,15,car,1
43,male,2,own,unknown,moderate,2899,moderate,18,car,1
29,female,1,rent,little,little,1659,moderate,24,radio/TV,0
64,female,2,own,little,unknown,1364,low,10,car,1
53,male,2,free,little,little,4870,high,24,car,0
42,male,2,own,unknown,moderate,2427,moderate,18,business,1
28,male,2,own,little,unknown,2169,moderate,18,business,0
58,female,1,own,little,little,1755,moderate,24,vacation/others,1
55,male,2,own,little,little,6872,high,24,furniture/equipment,0
20,female,2,rent,little,little,1282,low,12,furniture/equipment,0
25,female,3,own,little,little,8065,high,36,education,0
29,male,2,own,little,moderate,1103,low,12,radio/TV,1
23,male,2,rent,little,rich,1297,low,12,radio/TV,1
37,male,2,own,little,rich,1225,low,10,domestic appliances,1
34,male,2,own,little,unknown,1950,moderate,18,business,1
28,male,2,own,rich,unknown,2142,moderate,11,business,1
41,female,1,rent,unknown,unknown,1244,low,9,education,1
27,male,2,own,little,unknown,8648,high,24,business,0
24,male,2,own,little,little,2145,moderate,36,business,0
27,male,2,own,rich,moderate,10961,high,48,radio/TV,0
24,male,1,own,little,little,2214,moderate,12,radio/TV,1
29,female,0,rent,little,little,1193,low,24,car,0
24,male,2,own,quite rich,unknown,2080,moderate,6,car,1
46,male,3,own,unknown,unknown,6842,high,24,car,1
33,male,2,own,little,moderate,1245,low,18,radio/TV,0
31,male,3,rent,little,unknown,1963,moderate,12,radio/TV,1
29,male,2,own,moderate,moderate,1437,low,9,car,0
30,male,2,own,little,moderate,639,low,12,repairs,0
31,male,2,rent,little,little,3161,moderate,24,business,0
28,male,2,own,little,unknown,776,low,12,radio/TV,1
27,male,2,own,unknown,moderate,3711,high,36,education,1
37,male,2,free,unknown,moderate,12389,high,36,car,0
66,female,1,own,quite rich,moderate,790,low,9,radio/TV,1
29,male,2,own,unknown,unknown,3556,high,15,car,1
39,male,1,rent,little,little,2122,moderate,12,car,1
38,male,2,free,unknown,moderate,6681,high,48,business,1
24,male,1,own,little,little,1747,moderate,24,furniture/equipment,1
38,male,1,own,little,unknown,1495,low,12,car,1
22,male,2,own,little,moderate,1331,low,12,radio/TV,0
27,male,1,own,little,unknown,2708,moderate,15,furniture/equipment,1
24,male,2,own,little,rich,3016,moderate,12,radio/TV,1
61,male,2,free,unknown,moderate,1239,low,18,education,1
27,female,2,own,little,moderate,1295,low,18,furniture/equipment,1
31,female,2,own,little,little,1957,moderate,6,radio/TV,1
36,male,3,rent,moderate,moderate,6967,high,24,business,1
36,male,1,own,little,moderate,4241,high,24,business,0
38,female,2,own,little,unknown,1533,low,24,radio/TV,1
35,female,3,own,little,unknown,1393,low,11,car,1
22,female,2,rent,little,little,1366,low,9,radio/TV,0
25,female,2,rent,little,moderate,2969,moderate,12,furniture/equipment,0
46,female,2,rent,little,little,1845,moderate,15,furniture/equipment,1
27,female,2,own,little,moderate,2930,moderate,12,radio/TV,1
36,male,3,own,quite rich,moderate,2366,moderate,12,car,1
25,male,2,own,unknown,little,8072,high,30,business,1
37,male,3,own,unknown,moderate,4712,high,24,business,1
26,male,2,own,little,little,3414,high,21,education,0
30,male,2,free,quite rich,little,3349,moderate,24,furniture/equipment,0
23,female,2,rent,little,unknown,7127,high,36,furniture/equipment,0
27,male,1,own,unknown,unknown,1309,low,10,car,0
54,male,2,own,unknown,unknown,717,low,24,car,1
33,female,2,own,little,unknown,2831,moderate,30,radio/TV,1
31,female,2,own,moderate,unknown,1532,low,15,education,1
61,male,1,rent,moderate,moderate,2767,moderate,21,business,0
43,male,2,own,moderate,little,1203,low,6,car,1
25,female,2,rent,little,unknown,3972,high,24,furniture/equipment,1
37,female,2,own,little,unknown,3380,high,4,car,1
31,male,2,own,unknown,little,6350,high,30,furniture/equipment,0
31,male,2,own,little,moderate,1935,moderate,24,business,0
36,male,3,own,little,unknown,3275,moderate,21,car,1
31,male,3,free,moderate,moderate,7582,high,48,vacation/others,1
40,male,1,rent,quite rich,unknown,1597,moderate,10,car,1
28,male,2,own,little,unknown,1249,low,24,car,1
29,male,3,rent,moderate,moderate,9034,high,36,furniture/equipment,0
35,male,1,own,little,unknown,4679,high,24,car,1
35,male,1,rent,moderate,unknown,1418,low,10,car,1
23,female,2,rent,moderate,moderate,1553,low,24,radio/TV,1
48,male,2,own,little,little,1024,low,24,radio/TV,0
63,male,1,own,little,unknown,1655,moderate,12,radio/TV,1
30,female,2,own,moderate,unknown,1864,moderate,18,education,0
31,male,2,own,little,little,2746,moderate,36,furniture/equipment,0
23,male,0,own,unknown,moderate,14555,high,6,car,0
45,male,1,own,unknown,unknown,1287,low,10,car,1
45,male,3,own,unknown,unknown,3527,high,12,car,1
47,male,2,own,little,rich,3017,moderate,30,radio/TV,1
28,male,2,rent,little,little,6199,high,12,radio/TV,0
63,male,2,free,little,rich,781,low,10,car,1
25,female,2,own,little,unknown,2238,moderate,18,radio/TV,1
66,male,0,free,quite rich,rich,1480,low,12,car,1
45,male,3,own,moderate,unknown,8588,high,39,car,1
49,female,2,own,little,little,428,low,6,furniture/equipment,1
26,male,2,rent,little,rich,2687,moderate,15,business,1
28,male,2,own,little,unknown,2284,moderate,24,radio/TV,1
35,male,2,own,unknown,unknown,976,low,12,radio/TV,1
28,male,2,own,little,moderate,3060,moderate,48,radio/TV,0
29,female,2,own,little,unknown,518,low,6,radio/TV,1
31,female,3,own,quite rich,unknown,2782,moderate,21,car,1
23,female,2,rent,little,little,1442,low,24,car,0
32,male,2,rent,quite rich,unknown,3062,moderate,24,furniture/equipment,1
37,male,2,own,little,moderate,802,low,15,radio/TV,0
42,female,2,rent,unknown,moderate,1965,moderate,24,car,1
26,male,2,own,little,moderate,907,low,8,business,1
29,male,1,own,unknown,rich,1494,low,4,car,1
25,male,2,rent,moderate,moderate,1264,low,15,car,0
25,female,2,own,little,little,1835,moderate,21,radio/TV,0
36,male,2,own,quite rich,unknown,4042,high,42,furniture/equipment,1
37,female,2,own,rich,unknown,1287,low,24,car,1
46,male,2,own,rich,unknown,1582,moderate,18,radio/TV,1
24,male,2,rent,moderate,little,6187,high,30,car,1
24,female,0,rent,unknown,moderate,7472,high,12,car,1
40,male,2,own,quite rich,unknown,2675,moderate,22,radio/TV,1
29,male,2,own,little,unknown,2743,moderate,28,radio/TV,1
23,male,1,own,little,moderate,1048,low,10,radio/TV,1
44,female,1,rent,little,rich,1881,moderate,12,radio/TV,1
33,male,1,rent,little,moderate,2384,moderate,36,repairs,0
25,male,2,own,moderate,unknown,5511,high,24,furniture/equipment,1
36,male,2,own,little,unknown,4165,high,18,business,0
37,male,2,own,little,unknown,3535,high,36,car,1
31,male,1,own,little,moderate,1521,low,10,furniture/equipment,1
28,male,3,rent,little,moderate,9398,high,36,car,0
25,male,2,rent,quite rich,moderate,3213,moderate,18,radio/TV,1
51,male,2,own,little,moderate,4771,high,11,radio/TV,1
40,male,0,free,unknown,moderate,5381,high,48,vacation/others,1
23,female,3,rent,little,moderate,11560,high,24,car,0
27,male,2,own,moderate,moderate,4576,high,45,car,1
30,male,2,free,moderate,moderate,3069,moderate,24,furniture/equipment,1
42,male,2,own,little,unknown,3331,moderate,12,furniture/equipment,1
29,male,2,own,little,little,6887,high,36,education,0
27,male,1,own,moderate,unknown,4139,high,24,business,1
39,male,2,own,unknown,little,2212,moderate,20,furniture/equipment,1
68,male,3,own,little,little,14896,high,6,car,0
26,male,2,own,quite rich,moderate,1158,low,12,radio/TV,1
23,female,2,own,little,unknown,2288,moderate,21,furniture/equipment,1
30,male,3,own,quite rich,unknown,2333,moderate,30,radio/TV,1
26,male,2,own,little,little,759,low,12,car,0
23,female,2,own,little,unknown,1943,moderate,18,repairs,0
34,male,2,own,little,moderate,5800,high,36,car,1
46,male,2,own,little,little,2348,moderate,36,furniture/equipment,1
42,male,1,own,little,unknown,1455,low,4,car,1
60,male,2,own,rich,unknown,1940,moderate,24,car,1
36,male,2,own,quite rich,rich,2360,moderate,15,car,1
28,female,2,rent,moderate,moderate,2631,moderate,15,car,0
32,male,2,free,rich,moderate,1136,low,9,education,0
24,female,2,own,little,little,3190,moderate,18,radio/TV,0
28,female,2,own,moderate,moderate,2278,moderate,18,car,0
75,female,3,own,unknown,little,1374,low,6,car,1
22,male,2,own,rich,moderate,1007,low,12,car,1
30,male,2,own,little,unknown,4657,high,15,car,1
24,female,2,own,little,moderate,2150,moderate,30,car,0
44,male,2,own,little,little,1553,low,18,furniture/equipment,0
26,male,1,own,unknown,unknown,783,low,6,car,1
39,male,2,own,quite rich,unknown,2299,moderate,36,radio/TV,1
36,male,2,own,unknown,moderate,2181,moderate,30,car,1
28,male,1,own,little,little,654,low,9,car,0
23,female,1,rent,little,little,3234,moderate,24,furniture/equipment,0
74,male,0,own,little,rich,1299,low,6,car,1
28,male,1,own,little,moderate,484,low,6,radio/TV,1
53,female,3,own,unknown,unknown,7485,high,30,car,0
64,female,2,own,little,moderate,753,low,6,radio/TV,1
33,male,2,rent,little,rich,2319,moderate,21,education,0
28,male,1,rent,little,moderate,6260,high,18,car,1
42,male,3,own,little,unknown,2292,moderate,12,business,0
39,male,1,own,little,unknown,7228,high,11,car,1
23,female,1,own,little,little,976,low,18,car,0
23,male,1,own,little,moderate,1246,low,24,car,0
48,male,2,own,moderate,little,1288,low,9,repairs,1
48,female,1,own,unknown,moderate,4351,high,24,furniture/equipment,1
20,female,2,own,little,moderate,1967,moderate,24,radio/TV,1
31,female,1,own,little,unknown,1736,moderate,12,furniture/equipment,1
39,male,2,free,unknown,rich,1271,low,15,radio/TV,0
38,female,3,free,little,moderate,12976,high,18,car,0
25,female,2,rent,little,little,1433,low,15,furniture/equipment,1
42,female,2,own,little,moderate,3804,high,36,radio/TV,0
35,male,2,own,quite rich,moderate,1410,low,14,business,1
49,male,2,own,little,moderate,8386,high,30,furniture/equipment,0
28,male,1,own,little,little,1797,moderate,13,business,1
35,male,2,own,quite rich,little,1680,moderate,12,radio/TV,1
24,male,1,rent,little,unknown,1768,moderate,12,furniture/equipment,1
36,male,3,rent,unknown,moderate,7057,high,20,car,1
31,male,2,own,little,little,3104,moderate,18,business,1
44,male,2,own,quite rich,unknown,1163,low,12,car,1
34,female,3,rent,little,moderate,3017,moderate,12,furniture/equipment,1
43,male,1,own,little,unknown,1533,low,18,furniture/equipment,0
26,female,1,rent,moderate,moderate,4280,high,30,business,0
25,female,2,own,little,unknown,7855,high,36,car,0
39,male,1,own,unknown,unknown,9436,high,54,car,1
42,male,1,own,little,unknown,1503,low,4,radio/TV,1
27,female,2,own,little,little,3123,moderate,24,car,0
54,male,2,free,little,unknown,1597,moderate,24,education,1
39,male,3,own,little,unknown,6458,high,18,car,0
33,male,2,own,little,unknown,5150,high,24,furniture/equipment,1
27,male,2,own,rich,unknown,5804,high,24,car,1
27,male,2,own,little,moderate,2820,moderate,36,car,0
41,male,1,own,little,little,662,low,6,car,1
29,female,2,own,little,moderate,959,low,9,furniture/equipment,0
32,male,2,own,moderate,little,2325,moderate,24,car,1
24,female,2,free,little,moderate,5743,high,24,education,1
28,female,2,own,little,unknown,1817,moderate,18,furniture/equipment,1
27,female,2,own,little,unknown,3609,high,48,business,1
26,male,2,own,little,rich,4210,high,36,radio/TV,0
22,male,2,own,quite rich,little,2483,moderate,24,furniture/equipment,1
75,male,3,free,little,little,6615,high,24,car,1
23,female,1,own,little,moderate,3573,high,12,radio/TV,1
40,male,2,rent,unknown,unknown,7824,high,28,car,1
25,male,1,own,little,moderate,866,low,18,radio/TV,1
26,female,1,own,little,moderate,1113,low,18,radio/TV,1
25,male,2,own,unknown,moderate,1484,low,12,radio/TV,0
22,male,2,own,quite rich,little,2828,moderate,24,furniture/equipment,1
30,male,2,free,moderate,moderate,2862,moderate,36,car,1
29,female,2,own,little,little,3959,high,15,car,0
37,male,1,own,unknown,rich,1344,low,24,car,0
49,male,2,own,unknown,unknown,2331,moderate,12,radio/TV,1
32,male,3,own,little,little,1880,moderate,18,radio/TV,1
31,male,2,own,little,unknown,2775,moderate,18,car,0
32,male,2,own,little,unknown,2697,moderate,9,radio/TV,1
27,male,0,own,rich,rich,709,low,6,car,1
33,male,2,own,moderate,little,2359,moderate,24,furniture/equipment,0
21,male,1,own,little,little,6568,high,24,business,1
27,male,3,free,unknown,moderate,9157,high,60,radio/TV,1
25,male,2,own,little,moderate,14421,high,48,business,0
54,female,3,rent,little,unknown,3568,high,15,radio/TV,1
42,female,2,own,unknown,moderate,5084,high,24,radio/TV,1
33,female,1,rent,unknown,unknown,2186,moderate,15,furniture/equipment,1
35,male,3,rent,little,moderate,6948,high,36,car,1
65,male,2,free,little,little,2600,moderate,18,radio/TV,0
47,male,2,own,quite rich,unknown,1213,low,15,radio/TV,1
32,male,2,rent,moderate,moderate,11760,high,39,education,1
23,female,2,rent,unknown,little,1200,low,12,education,1
56,female,2,own,little,unknown,1538,low,6,education,1
32,male,1,own,little,moderate,1301,low,18,radio/TV,1
32,female,2,own,little,unknown,4611,high,6,furniture/equipment,0
31,male,2,own,quite rich,unknown,3430,high,24,radio/TV,1
36,male,2,own,quite rich,unknown,909,low,36,car,1
61,male,1,own,rich,unknown,3059,moderate,12,radio/TV,1
35,female,2,own,little,little,2439,moderate,24,radio/TV,0
57,male,1,rent,unknown,unknown,1264,low,12,business,1
49,male,2,rent,unknown,unknown,5801,high,12,furniture/equipment,1
29,female,3,own,little,unknown,1412,low,12,business,1
52,male,2,own,little,unknown,717,low,12,radio/TV,1
21,female,2,rent,little,little,1049,low,18,furniture/equipment,1
52,male,2,own,quite rich,little,338,low,6,radio/TV,1
23,female,2,own,little,little,448,low,6,education,0
34,male,1,own,moderate,unknown,1743,moderate,6,business,1
49,female,2,own,little,moderate,1092,low,12,radio/TV,1
34,male,2,own,little,unknown,2320,moderate,18,radio/TV,1
38,male,2,own,moderate,moderate,1216,low,24,radio/TV,0
36,male,2,own,unknown,unknown,6304,high,36,business,1
22,female,2,own,little,moderate,1567,moderate,12,radio/TV,1
27,female,2,own,little,little,343,low,6,domestic appliances,1
23,female,3,own,little,rich,1961,moderate,18,car,1
28,female,2,rent,rich,unknown,2603,moderate,24,car,1
31,male,2,own,unknown,unknown,929,low,24,furniture/equipment,1
24,female,2,rent,little,little,4308,high,48,business,0
46,male,2,own,little,rich,1343,low,6,car,1
50,male,2,own,little,little,5293,high,27,business,0
45,male,1,own,little,little,4006,high,28,car,0
28,male,2,own,little,unknown,9572,high,36,business,0
24,male,1,own,unknown,little,3763,high,21,car,1
38,male,1,own,little,moderate,1308,low,15,repairs,1
43,male,2,own,little,moderate,4057,high,24,furniture/equipment,0
38,male,2,own,unknown,unknown,2751,moderate,48,car,1
31,female,2,rent,unknown,unknown,2901,moderate,10,car,1
27,male,2,own,little,little,4020,high,24,furniture/equipment,1
27,male,2,rent,unknown,unknown,7980,high,36,business,0
23,female,2,own,unknown,unknown,996,low,12,repairs,1
30,male,2,own,little,unknown,1224,low,9,car,1
46,female,1,own,little,rich,2251,moderate,12,furniture/equipment,1
27,female,2,own,moderate,unknown,1237,low,6,radio/TV,1
34,male,3,own,moderate,moderate,6850,high,15,car,0
34,male,1,own,little,rich,2864,moderate,18,furniture/equipment,0
37,female,2,rent,little,little,7685,high,48,business,0
26,female,3,own,little,unknown,10974,high,36,furniture/equipment,0
37,male,2,own,unknown,unknown,7409,high,36,business,1
43,male,2,own,unknown,unknown,2197,moderate,24,car,1
27,female,2,own,little,little,2389,moderate,18,radio/TV,1
28,male,2,own,little,little,5371,high,36,furniture/equipment,1
22,female,2,own,little,moderate,1670,moderate,9,radio/TV,0
28,male,2,rent,little,moderate,3617,high,12,furniture/equipment,1
40,female,2,own,unknown,unknown,894,low,10,education,1
31,male,1,own,little,moderate,1410,low,12,education,1
37,male,3,own,quite rich,unknown,12749,high,48,radio/TV,1
26,female,2,own,unknown,moderate,1715,moderate,30,radio/TV,1
24,female,1,rent,moderate,unknown,1568,moderate,18,business,1
42,male,2,own,little,little,2577,moderate,12,furniture/equipment,1
20,male,2,rent,unknown,rich,3617,high,24,furniture/equipment,1
38,male,3,own,unknown,unknown,2859,moderate,12,car,1
33,male,3,rent,little,unknown,4844,high,48,business,0
50,male,2,rent,quite rich,unknown,1236,low,6,car,1
22,male,2,own,little,unknown,1478,low,9,radio/TV,0
23,female,1,rent,little,little,6229,high,36,furniture/equipment,0
36,male,2,own,little,moderate,3915,high,27,business,0
37,female,2,own,little,unknown,2022,moderate,24,car,1
22,female,2,rent,little,unknown,433,low,18,radio/TV,0
41,male,2,own,unknown,moderate,3979,high,48,radio/TV,1
36,male,3,free,little,little,1872,moderate,6,furniture/equipment,1
53,male,2,free,little,little,7119,high,48,furniture/equipment,0
39,male,2,own,little,little,2522,moderate,30,radio/TV,1
27,female,2,own,little,unknown,1449,low,9,business,1
40,male,3,own,unknown,little,1358,low,24,vacation/others,0
22,female,2,rent,little,little,1858,moderate,12,furniture/equipment,1
40,male,3,own,unknown,little,1977,moderate,36,education,0
50,male,2,own,rich,unknown,3777,high,24,furniture/equipment,1
25,female,2,own,little,little,3509,high,18,radio/TV,1
68,male,0,free,little,moderate,1175,low,16,car,1
36,male,2,rent,little,little,2799,moderate,9,car,1
46,male,2,own,little,unknown,2611,moderate,24,radio/TV,1
43,male,2,rent,little,little,4843,high,12,car,0
35,male,0,own,unknown,moderate,1549,low,9,car,1
38,male,3,free,little,little,10623,high,30,car,1
52,female,1,own,moderate,unknown,362,low,6,car,1
31,male,2,own,little,little,4817,high,24,car,0
30,male,2,own,little,moderate,7966,high,26,car,1
41,female,3,rent,little,unknown,3868,high,24,car,1
35,male,2,own,unknown,unknown,1979,moderate,15,radio/TV,1
22,male,1,rent,little,moderate,276,low,9,car,1
24,female,1,rent,unknown,unknown,4811,high,30,car,1
52,male,2,own,quite rich,unknown,936,low,9,education,1
31,male,2,own,moderate,unknown,5742,high,36,business,1
57,male,3,free,little,moderate,14318,high,36,car,0
45,male,2,free,unknown,unknown,1300,low,15,car,1
33,female,2,own,unknown,moderate,1042,low,18,car,0
44,male,1,own,little,moderate,6204,high,18,repairs,1
36,male,2,own,little,unknown,1542,low,12,business,1
22,female,2,rent,little,little,3632,high,24,car,1
33,male,2,own,little,unknown,1851,moderate,24,radio/TV,1
37,male,2,own,moderate,moderate,3878,high,24,car,1
27,male,2,own,little,little,3552,high,24,furniture/equipment,0
28,male,3,own,little,moderate,4249,high,30,car,0
29,female,3,own,little,unknown,2679,moderate,24,car,1
25,male,1,rent,little,unknown,2210,moderate,10,furniture/equipment,0
23,male,2,own,little,moderate,882,low,13,radio/TV,1
50,male,2,free,little,moderate,6224,high,48,education,0
44,male,2,own,unknown,unknown,3485,high,20,car,1
30,male,2,own,little,moderate,1056,low,18,car,0
29,female,2,own,rich,little,3357,moderate,21,radio/TV,1
29,female,2,own,unknown,little,915,low,24,car,0
25,male,2,own,little,rich,5152,high,24,radio/TV,1
45,female,2,own,little,moderate,2329,moderate,7,radio/TV,1
60,female,3,free,moderate,moderate,14782,high,60,vacation/others,0
22,male,2,own,little,little,2462,moderate,18,furniture/equipment,0
64,male,1,own,unknown,unknown,3832,high,9,education,1
23,male,2,own,unknown,little,900,low,12,car,0
47,male,3,own,little,moderate,1209,low,6,car,0
43,male,2,own,little,unknown,1935,moderate,12,furniture/equipment,1
25,male,2,own,little,little,2136,moderate,9,furniture/equipment,1
27,female,2,rent,unknown,little,2132,moderate,10,furniture/equipment,1
40,male,2,rent,unknown,unknown,1386,low,15,radio/TV,1
27,male,1,own,little,little,1168,low,12,car,1
28,male,2,own,little,moderate,1068,low,6,radio/TV,1
55,female,0,free,little,little,1190,low,18,repairs,0
37,male,1,own,little,rich,3949,high,10,car,1
27,male,3,own,little,moderate,14027,high,60,car,0
26,male,2,own,little,little,4788,high,48,car,1
53,male,2,own,quite rich,unknown,2835,moderate,24,furniture/equipment,1
45,male,1,own,quite rich,unknown,1750,moderate,6,radio/TV,1
27,female,1,own,little,little,3643,high,15,furniture/equipment,1
23,female,2,rent,little,little,1216,low,18,car,0
33,male,2,own,little,moderate,1414,low,8,radio/TV,1
35,male,3,own,little,moderate,1050,low,6,furniture/equipment,1
28,male,2,own,rich,little,2659,moderate,18,furniture/equipment,1
23,female,1,own,little,moderate,2101,moderate,13,radio/TV,1
43,male,1,own,little,unknown,7393,high,24,car,1
40,male,3,own,little,little,3857,high,30,car,1
34,male,2,own,rich,moderate,3496,high,30,furniture/equipment,1
23,male,2,own,unknown,moderate,1444,low,15,radio/TV,1
38,male,2,own,unknown,moderate,368,low,6,radio/TV,1
32,male,2,own,little,moderate,6078,high,12,car,1
27,male,2,own,little,unknown,3850,high,18,car,1
29,male,2,free,little,little,2149,moderate,12,radio/TV,0
39,female,1,own,rich,little,666,low,6,car,1
35,female,2,own,little,unknown,1291,low,12,radio/TV,1
28,female,1,own,little,rich,745,low,9,radio/TV,0
29,female,2,own,unknown,unknown,5003,high,21,car,0
24,female,3,own,moderate,moderate,7408,high,60,car,0
41,male,1,rent,moderate,unknown,1469,low,24,car,1
43,male,1,own,little,little,1344,low,12,car,1
24,female,1,rent,moderate,unknown,11590,high,48,car,0
30,female,2,own,little,unknown,1055,low,18,car,1
26,female,2,own,quite rich,unknown,1386,low,12,car,0
22,male,2,own,little,moderate,2039,moderate,24,radio/TV,0
30,male,2,own,little,little,2121,moderate,12,car,1
34,male,2,own,unknown,moderate,2825,moderate,24,business,1
37,male,2,own,little,little,3620,high,36,furniture/equipment,1
63,male,2,own,little,little,6836,high,60,business,0
30,female,2,own,quite rich,moderate,8358,high,48,car,1
48,female,1,free,moderate,rich,1240,low,10,car,0
30,female,2,own,little,little,1620,moderate,12,furniture/equipment,1
42,male,1,own,little,unknown,1544,low,4,radio/TV,1
49,male,1,own,unknown,little,1262,low,12,furniture/equipment,1
66,male,1,own,quite rich,moderate,766,low,12,radio/TV,0
30,male,3,own,little,moderate,5965,high,27,car,1
50,male,2,own,little,unknown,1574,moderate,12,furniture/equipment,1
23,female,2,own,moderate,unknown,3488,high,24,car,1
26,female,0,own,little,rich,609,low,12,business,0
44,male,3,rent,little,little,3384,high,6,furniture/equipment,0
46,male,2,own,little,unknown,1829,moderate,15,radio/TV,1
66,male,3,free,little,little,1526,low,12,car,1
32,male,3,free,little,unknown,1505,low,18,radio/TV,1
23,male,2,free,little,little,1845,moderate,45,radio/TV,0
48,female,1,rent,little,moderate,1795,moderate,18,radio/TV,1
28,female,2,own,little,unknown,1382,low,6,radio/TV,1
41,male,2,own,little,rich,2116,moderate,6,furniture/equipment,1
32,female,1,own,moderate,moderate,931,low,6,car,0
26,male,2,rent,little,unknown,3518,high,6,car,1
37,male,3,own,unknown,rich,3399,high,12,radio/TV,1
35,male,2,own,quite rich,unknown,2397,moderate,24,radio/TV,0
39,male,3,own,little,unknown,1884,moderate,12,car,1
27,male,2,own,little,moderate,1391,low,9,business,1
36,male,2,free,unknown,moderate,2760,moderate,24,car,1
60,male,2,own,little,little,2246,moderate,12,furniture/equipment,0
46,male,3,own,unknown,unknown,7629,high,48,business,1
22,female,2,own,little,unknown,1808,moderate,18,furniture/equipment,0
34,male,2,own,rich,unknown,2578,moderate,24,radio/TV,1
23,female,2,rent,little,little,2406,moderate,30,furniture/equipment,0
23,female,1,rent,little,unknown,601,low,4,furniture/equipment,1
30,female,2,own,rich,unknown,960,low,15,furniture/equipment,1
26,male,3,own,little,unknown,4463,high,36,radio/TV,0
49,male,1,own,little,unknown,640,low,12,car,1
28,female,2,own,little,moderate,4221,high,30,business,1
25,male,1,own,little,moderate,4746,high,45,radio/TV,0
25,female,2,own,unknown,unknown,2394,moderate,36,radio/TV,1
34,male,3,own,little,unknown,6614,high,36,car,1
32,male,2,own,little,unknown,1552,low,24,radio/TV,1
36,male,2,own,little,little,1721,moderate,15,car,1
28,female,3,rent,little,little,2606,moderate,21,radio/TV,1
25,male,2,own,little,unknown,1258,low,24,business,1
61,male,2,own,rich,moderate,1512,low,15,repairs,0
40,male,1,own,unknown,little,1647,moderate,21,car,0
31,male,2,own,unknown,unknown,3378,high,18,car,1
36,male,2,own,little,moderate,2337,moderate,36,radio/TV,1
54,male,2,own,unknown,unknown,2255,moderate,24,car,1
63,male,2,own,unknown,unknown,7596,high,30,car,1
24,male,2,own,unknown,moderate,2030,moderate,9,furniture/equipment,1
22,female,2,own,moderate,little,741,low,12,domestic appliances,0
33,male,2,own,little,unknown,1478,low,15,radio/TV,1
19,female,1,rent,rich,moderate,983,low,12,furniture/equipment,1
47,male,2,free,little,unknown,5103,high,24,radio/TV,1
40,male,0,own,little,moderate,3590,high,18,business,1
46,female,1,own,little,unknown,3594,high,15,car,1
23,female,2,own,little,rich,1275,low,10,furniture/equipment,1
24,female,2,rent,little,little,2124,moderate,18,furniture/equipment,0
38,male,2,own,unknown,unknown,3914,high,48,business,0
27,male,2,own,little,little,5998,high,40,education,0
23,male,1,rent,unknown,little,1936,moderate,18,radio/TV,1
32,male,1,own,rich,unknown,4526,high,27,furniture/equipment,1
60,male,1,own,little,little,1199,low,24,car,0
29,female,2,own,little,little,1893,moderate,12,car,1
32,female,3,own,little,moderate,18424,high,48,vacation/others,0
34,male,3,free,little,little,2910,moderate,24,car,1
44,male,2,own,quite rich,unknown,2375,moderate,24,business,1
33,male,2,own,little,unknown,2058,moderate,24,repairs,1
26,male,2,own,unknown,unknown,5248,high,21,car,1
47,male,1,own,little,unknown,2538,moderate,24,car,0
28,female,2,own,little,little,3660,high,24,radio/TV,1
35,male,2,own,moderate,unknown,2753,moderate,9,radio/TV,1
45,male,3,own,little,unknown,6761,high,6,car,1
25,female,2,rent,unknown,little,1371,low,24,car,0
39,male,1,own,moderate,moderate,1037,low,12,business,1
32,male,2,own,quite rich,unknown,2978,moderate,6,furniture/equipment,1
31,male,2,own,unknown,rich,3148,moderate,24,radio/TV,1
49,male,1,own,little,moderate,3124,moderate,12,car,1
22,male,1,own,little,moderate,454,low,6,repairs,1
25,male,2,own,little,little,975,low,15,furniture/equipment,1
42,female,2,rent,rich,rich,409,low,12,radio/TV,1
24,male,1,rent,little,little,1546,low,24,radio/TV,0
46,male,2,own,rich,unknown,1149,low,18,radio/TV,1
57,female,1,own,quite rich,rich,1258,low,24,radio/TV,1
32,male,2,own,unknown,unknown,2662,moderate,18,car,1
23,male,1,own,quite rich,moderate,2520,moderate,27,radio/TV,0
33,male,3,own,little,moderate,4439,high,18,business,1
37,female,1,own,little,little,1274,low,12,car,0
24,female,2,own,little,moderate,1237,low,8,furniture/equipment,0
42,female,3,free,little,moderate,8318,high,27,business,0
31,female,2,own,little,unknown,9566,high,36,radio/TV,1
37,male,2,own,little,rich,2100,moderate,18,radio/TV,0
33,male,2,own,little,unknown,2051,moderate,18,radio/TV,1
42,male,2,free,little,moderate,6288,high,60,education,0
43,male,2,free,little,little,1333,low,24,car,0
20,female,1,rent,little,moderate,2718,moderate,24,car,0
33,female,2,own,unknown,unknown,1927,moderate,24,education,1
26,male,1,own,little,moderate,590,low,6,radio/TV,1
34,female,2,own,rich,unknown,1525,low,24,car,1
21,female,2,own,unknown,unknown,886,low,12,radio/TV,1
22,female,1,own,little,little,806,low,15,business,1
24,male,2,rent,little,moderate,2323,moderate,36,radio/TV,1
25,male,2,own,unknown,unknown,999,low,24,radio/TV,1
24,female,2,own,unknown,moderate,8487,high,48,car,1
20,male,2,own,little,unknown,1313,low,9,furniture/equipment,1
26,female,1,rent,little,little,3599,high,21,furniture/equipment,1
43,male,2,own,unknown,unknown,4042,high,24,car,1
30,male,2,own,moderate,moderate,5866,high,18,car,1
26,male,2,own,little,little,1345,low,18,radio/TV,0
49,male,1,own,little,unknown,2096,moderate,12,education,1
59,female,2,rent,little,moderate,6416,high,48,business,0
32,male,3,own,quite rich,unknown,629,low,18,radio/TV,1
23,male,2,rent,rich,unknown,3368,high,15,car,1
32,male,2,own,little,little,1938,moderate,24,radio/TV,0
38,male,3,own,little,unknown,7814,high,24,car,1
52,male,2,own,little,unknown,3077,moderate,12,radio/TV,1
31,male,3,own,little,unknown,2406,moderate,9,furniture/equipment,1
41,male,2,own,little,moderate,6361,high,18,furniture/equipment,1
28,male,2,free,little,unknown,3343,moderate,15,furniture/equipment,1
38,female,2,own,unknown,unknown,1240,low,12,radio/TV,1
23,female,0,rent,quite rich,little,1352,low,6,car,1
24,female,2,own,little,unknown,2788,moderate,15,furniture/equipment,1
35,male,1,own,moderate,little,4380,high,18,car,1
26,female,2,rent,little,little,3114,moderate,18,furniture/equipment,0
58,female,1,free,little,little,6143,high,48,car,0
32,female,2,own,little,moderate,2528,moderate,27,business,1
62,female,2,free,little,unknown,3757,high,24,car,1
47,female,2,free,moderate,rich,1377,low,24,radio/TV,1
40,male,1,own,little,little,1361,low,6,car,1
53,male,2,own,unknown,unknown,2424,moderate,24,radio/TV,1
33,male,2,own,little,unknown,6070,high,18,radio/TV,1
29,male,2,own,unknown,unknown,1169,low,18,radio/TV,1
25,female,2,rent,unknown,unknown,1283,low,22,car,1
45,male,2,free,little,little,7882,high,42,furniture/equipment,1
42,male,2,free,unknown,unknown,10477,high,36,car,1
33,male,1,own,moderate,little,727,low,12,radio/TV,0
54,male,2,own,rich,moderate,1318,low,12,car,1
37,male,1,own,little,moderate,1922,moderate,12,furniture/equipment,0
36,male,2,own,quite rich,unknown,1262,low,15,domestic appliances,1
33,male,2,own,rich,unknown,1543,low,6,furniture/equipment,1
21,female,2,own,moderate,unknown,10144,high,60,radio/TV,1
42,male,2,own,quite rich,unknown,522,low,12,radio/TV,1
30,male,2,own,unknown,moderate,2028,moderate,12,car,1
30,female,3,own,little,moderate,4795,high,36,radio/TV,1
45,male,2,own,little,little,2303,moderate,24,car,0
35,male,2,rent,moderate,unknown,1204,low,6,car,1
52,male,2,own,moderate,unknown,2223,moderate,24,radio/TV,1
27,male,2,own,unknown,unknown,1221,low,6,furniture/equipment,1
57,male,2,free,little,moderate,2225,moderate,36,car,0
50,male,2,own,little,unknown,2241,moderate,21,furniture/equipment,1
63,male,2,own,little,little,2924,moderate,24,car,1
35,female,2,own,rich,unknown,1592,moderate,12,furniture/equipment,1
27,male,2,own,little,unknown,2613,moderate,36,repairs,1
55,male,2,own,rich,unknown,1413,low,12,car,1
36,female,2,own,little,rich,2247,moderate,12,car,1
30,male,2,own,little,unknown,707,low,12,radio/TV,1
26,male,2,own,moderate,little,1382,low,24,business,1
24,male,2,own,little,unknown,1800,moderate,18,radio/TV,1
36,male,2,free,unknown,unknown,846,low,7,radio/TV,1
27,male,2,own,moderate,unknown,2463,moderate,24,car,1
40,male,2,own,unknown,unknown,3077,moderate,30,radio/TV,1
35,male,2,free,unknown,unknown,8858,high,48,car,1
33,male,2,rent,little,little,2235,moderate,20,car,0
29,female,0,own,unknown,moderate,3990,high,36,domestic appliances,1
24,male,2,own,moderate,moderate,6560,high,48,car,0
46,male,2,own,little,little,697,low,12,car,0
35,male,3,own,little,unknown,3780,high,18,furniture/equipment,1
26,female,2,own,little,unknown,2764,moderate,33,business,1
30,male,2,rent,little,unknown,1740,moderate,6,radio/TV,1
58,male,2,rent,little,moderate,15945,high,54,business,0
46,male,2,free,little,little,3931,high,48,car,0
40,male,3,own,moderate,unknown,4623,high,15,education,0
25,female,2,rent,little,moderate,1295,low,12,car,0
48,male,2,own,little,unknown,2134,moderate,9,car,1
28,female,2,own,moderate,unknown,2073,moderate,12,radio/TV,1
37,female,2,own,little,little,609,low,6,car,1
27,male,3,own,little,little,3416,high,27,radio/TV,1
22,male,2,own,little,moderate,3832,high,30,furniture/equipment,1
55,male,2,free,rich,unknown,1555,moderate,12,repairs,0
48,male,1,rent,little,little,2241,moderate,10,car,1
28,male,3,own,little,moderate,5234,high,30,car,0
38,male,3,own,rich,unknown,5711,high,36,car,1
67,female,2,own,little,moderate,3872,high,18,repairs,1
32,male,3,free,little,unknown,4686,high,36,car,1
55,male,3,free,little,moderate,9283,high,42,car,1
34,male,2,own,little,little,6999,high,48,radio/TV,0
36,male,2,rent,little,little,3905,high,11,car,1
43,male,3,own,little,little,2442,moderate,27,business,1
35,male,2,own,little,moderate,2576,moderate,7,radio/TV,1
36,male,2,own,rich,moderate,1913,moderate,18,business,1
30,female,2,own,little,unknown,8133,high,36,car,1
31,male,2,own,moderate,moderate,1449,low,6,business,1
35,male,2,own,little,unknown,2346,moderate,24,car,1
31,male,1,own,moderate,moderate,9857,high,36,business,1
47,male,2,own,little,unknown,3422,high,18,furniture/equipment,1
20,male,2,rent,little,moderate,585,low,12,radio/TV,1
25,female,2,own,unknown,moderate,2762,moderate,12,furniture/equipment,0
35,male,2,own,unknown,moderate,3976,high,21,furniture/equipment,1
38,male,2,own,little,unknown,1924,moderate,10,radio/TV,1
49,male,2,own,little,little,1038,low,10,car,1
51,male,1,free,quite rich,unknown,2507,moderate,9,car,1
32,male,2,own,little,unknown,4594,high,18,radio/TV,1
25,female,1,own,little,moderate,4736,high,24,furniture/equipment,0
53,male,3,free,little,little,7865,high,12,furniture/equipment,0
28,female,2,rent,quite rich,moderate,4113,high,24,car,0
50,male,3,free,little,little,7476,high,48,education,1
65,female,0,own,little,unknown,1098,low,18,radio/TV,1
26,male,2,own,little,rich,1330,low,12,car,1
41,female,1,own,little,moderate,5954,high,42,business,1
44,female,3,free,little,moderate,12579,high,24,car,0
47,male,2,own,unknown,unknown,3578,high,48,radio/TV,1
31,male,1,own,little,little,3108,moderate,30,furniture/equipment,0
24,female,2,own,little,little,4272,high,20,furniture/equipment,1
21,male,2,rent,little,little,902,low,12,education,0
56,male,2,free,little,rich,4796,high,42,car,1
38,male,1,own,little,little,2171,moderate,12,car,1
27,male,2,own,little,little,1657,moderate,12,furniture/equipment,1
26,male,1,own,moderate,unknown,4272,high,30,business,1
34,male,1,own,unknown,unknown,1898,moderate,6,radio/TV,1
31,female,2,own,little,little,6758,high,48,radio/TV,0
40,male,3,own,little,moderate,4297,high,18,furniture/equipment,0
38,male,2,own,little,unknown,804,low,12,radio/TV,1
25,male,0,own,little,little,2473,moderate,18,furniture/equipment,0
46,male,2,free,quite rich,unknown,727,low,10,education,1
36,male,2,own,little,moderate,884,low,18,car,0
25,male,2,own,unknown,unknown,3105,moderate,24,radio/TV,1
27,female,2,rent,moderate,moderate,951,low,12,furniture/equipment,0
57,female,3,rent,rich,little,1231,low,24,radio/TV,1
34,male,2,own,moderate,moderate,2622,moderate,18,business,1
27,male,2,own,little,moderate,3652,high,21,business,1
29,male,2,own,moderate,moderate,2896,moderate,24,radio/TV,1
37,male,2,free,little,unknown,1819,moderate,36,education,0
29,male,2,rent,little,unknown,2108,moderate,6,radio/TV,1
32,female,2,rent,unknown,little,1285,low,24,car,0
30,female,3,own,little,moderate,5096,high,48,furniture/equipment,0
45,female,1,own,unknown,unknown,3835,high,36,radio/TV,1
40,male,1,own,little,little,3939,high,11,car,1
61,female,2,own,unknown,unknown,2012,moderate,12,education,1
35,male,3,own,little,unknown,2670,moderate,24,car,1
28,male,1,own,little,unknown,2993,moderate,21,car,1
40,male,1,own,little,little,701,low,12,radio/TV,1
33,female,3,own,little,rich,1474,low,12,furniture/equipment,1
74,male,1,own,little,unknown,3448,high,5,business,1
26,male,2,own,little,moderate,1201,low,24,car,1
24,female,2,rent,little,little,1207,low,24,car,0
40,male,3,own,little,moderate,7374,high,18,furniture/equipment,1
26,male,1,own,little,moderate,625,low,12,radio/TV,1
34,male,1,own,moderate,unknown,1569,moderate,15,radio/TV,1
25,female,2,own,little,moderate,1206,low,9,radio/TV,1
46,male,2,rent,little,moderate,1223,low,12,car,0
21,female,2,rent,unknown,unknown,1126,low,18,radio/TV,1
26,male,2,own,moderate,unknown,1311,low,24,radio/TV,1
25,male,1,own,little,little,1138,low,9,radio/TV,1
50,female,1,own,little,rich,1047,low,6,education,1
37,female,2,rent,quite rich,unknown,1402,low,12,furniture/equipment,1
25,female,2,own,unknown,moderate,2991,moderate,30,radio/TV,1
30,male,2,own,moderate,moderate,3566,high,48,business,1
45,female,1,own,little,rich,3049,moderate,18,furniture/equipment,1
60,male,3,own,unknown,moderate,6468,high,20,car,1
34,female,3,own,little,moderate,2064,moderate,24,furniture/equipment,0
61,male,3,free,little,moderate,1953,moderate,36,business,0
25,female,1,own,moderate,moderate,2631,moderate,15,repairs,1
44,male,2,own,little,little,1478,low,15,furniture/equipment,1
31,male,2,own,little,rich,4473,high,36,radio/TV,1
65,male,2,own,little,little,571,low,21,car,1
21,female,2,rent,little,unknown,2570,moderate,27,car,0
41,male,1,own,little,unknown,719,low,12,education,0
44,female,2,own,unknown,unknown,5943,high,24,radio/TV,0
24,female,2,rent,unknown,little,1275,low,15,domestic appliances,0
27,female,0,own,little,little,750,low,18,education,0
27,male,2,own,rich,unknown,8613,high,27,car,1
35,female,1,own,little,little,10722,high,47,car,1
25,male,2,own,little,moderate,4933,high,39,radio/TV,0
29,female,1,rent,quite rich,unknown,1123,low,12,furniture/equipment,0
62,male,2,own,quite rich,unknown,1338,low,6,domestic appliances,1
36,female,1,own,rich,unknown,1572,moderate,21,business,1
39,male,3,own,little,moderate,11938,high,24,vacation/others,0
26,female,0,rent,little,moderate,1778,moderate,15,car,0
30,male,3,own,little,moderate,4455,high,36,business,0
32,male,1,own,little,unknown,1231,low,10,car,1
43,female,1,own,little,unknown,1459,low,15,radio/TV,1
45,male,3,own,little,little,8978,high,14,car,0
36,male,3,free,unknown,moderate,12169,high,48,car,1
36,male,2,free,unknown,unknown,700,low,6,radio/TV,1
45,male,2,own,little,unknown,10875,high,36,car,1
26,male,2,own,little,little,8229,high,36,car,0
58,female,1,own,little,little,385,low,12,radio/TV,1
44,female,3,free,little,little,6419,high,24,car,1
64,male,1,rent,little,little,2384,moderate,24,radio/TV,1
23,female,2,rent,unknown,little,8471,high,18,education,1
52,male,1,own,little,little,2315,moderate,10,radio/TV,1
36,male,2,own,unknown,unknown,6742,high,30,radio/TV,1
48,male,1,own,little,moderate,1743,moderate,24,radio/TV,1
24,male,2,own,quite rich,unknown,2569,moderate,39,car,1
35,male,2,free,little,little,3386,high,12,car,0
37,male,1,own,unknown,unknown,3565,high,12,education,1
30,male,3,rent,little,moderate,2063,moderate,6,radio/TV,1
39,male,2,free,little,little,10297,high,48,car,0
29,male,2,rent,unknown,unknown,7166,high,42,radio/TV,1
41,male,1,own,quite rich,unknown,2580,moderate,21,business,0
25,male,2,own,little,unknown,1262,low,12,radio/TV,1
28,female,3,own,little,unknown,3349,moderate,36,furniture/equipment,0
29,male,2,own,little,moderate,2629,moderate,20,vacation/others,1
54,female,0,own,little,unknown,672,low,6,car,1
49,male,2,free,unknown,little,2964,moderate,24,car,1
26,female,2,own,little,unknown,1453,low,18,radio/TV,1
35,male,2,own,unknown,moderate,2728,moderate,15,radio/TV,1
28,female,2,rent,little,little,1403,low,15,car,1
23,male,2,rent,little,little,4110,high,24,furniture/equipment,0
24,female,1,own,little,little,1228,low,12,car,0
49,male,1,own,unknown,rich,3656,high,30,radio/TV,1
24,female,2,rent,little,little,652,low,12,furniture/equipment,1
54,female,2,rent,little,moderate,7432,high,36,car,1
29,male,3,free,little,little,6579,high,24,car,1
52,male,3,own,unknown,moderate,6468,high,12,radio/TV,0
38,male,2,free,little,rich,947,low,24,car,0
26,male,2,own,little,unknown,5117,high,27,business,1
42,male,3,own,little,unknown,10366,high,60,car,1
27,female,2,rent,unknown,moderate,1924,moderate,18,furniture/equipment,0
38,male,3,own,unknown,unknown,3229,moderate,18,car,1
30,female,2,own,little,moderate,918,low,9,furniture/equipment,0
47,male,1,own,little,moderate,958,low,12,car,1
23,male,2,rent,little,moderate,1534,low,12,radio/TV,0
34,male,2,own,little,little,3965,high,42,radio/TV,0
36,male,2,own,little,little,1372,low,12,car,0
31,male,1,own,little,unknown,1546,low,10,car,1
46,male,1,rent,unknown,unknown,730,low,7,radio/TV,1
63,male,2,own,unknown,unknown,1520,low,15,furniture/equipment,1
54,male,2,own,little,little,1409,low,12,car,1
23,male,1,rent,quite rich,unknown,660,low,6,repairs,1
57,female,1,own,moderate,unknown,1154,low,11,radio/TV,1
45,male,1,own,little,little,339,low,12,education,1
26,female,2,own,little,moderate,9960,high,48,furniture/equipment,0
27,male,2,own,unknown,rich,1347,low,10,radio/TV,1
44,male,1,own,unknown,little,4716,high,6,car,1
20,male,2,own,moderate,little,674,low,12,radio/TV,0
56,male,2,own,little,unknown,618,low,12,radio/TV,1
30,male,3,own,moderate,little,2249,moderate,18,car,1
26,male,2,own,little,little,4370,high,42,radio/TV,0
37,male,2,free,unknown,unknown,2279,moderate,12,radio/TV,1
28,female,3,own,moderate,rich,2923,moderate,21,car,1
